Education Level,Salary Average,Years of Experience Average,Age Average
High School,36706.6941964,1.91517857143,26.8549107143
Bachelor's Degree,95082.9086395,5.41975512905,30.2606682104
Master's Degree,130112.056452,9.6448146158,35.1692638366
PhD,165651.457999,13.915266618,41.1548575603
NaN,100000.0,7.0,27.0
